Brand,Name,Price
Hisense,Hisense 43-inch Smart UHD LED TV 43A6H,"5,999"
Hisense,Hisense 65-inch Smart UHD TV - 65A6H,"11,999"
Orion,Orion 50-inch UHD Smart LED TV - OTV-50UVS,"6,499"
Skyworth,Skyworth 75-inch Android UHD LED Smart TV - 75SUD9350F,"16,999"
Orion,Orion 43-inch UHD Smart LED TV - OTV-43UVS,"4,999"
Orion,Orion 32-inch Smart HD LED TV - OTV-32HDVS,"2,999"
Orion,Orion 55-inch UHD Smart LED TV - OTV-55UVS,"7,499"
Hisense,Hisense 75-inch Smart UHD LED TV - 75A6H,"17,999"
Orion,Orion 55-Inch UHD LED TV OLED55UHD,"6,499"
Orion,Orion 24-inch HD LED TV - OLED24HD,"1,999"
Samsung,Samsung 65-inch UHD Smart TV + Soundbar - 65CU7000,"13,999"
Orion,Orion 45-inch LED HDR TV (OLED-45FHDA),"4,999"
Hisense,Hisense 55-inch Smart UHD LED TV 55A6H,"8,499"
Orion,Orion 43-inch FHD LED TV - OLED43FHD,"4,299"
Orion,Orion 39-inch LED HDR TV OLED-39HDRA,"2,999"
Orion,Orion 50-inch UHD Smart LED TV - OLEDS50UHDB,"6,299"
Orion,Orion 32-inch LED HDR TV OLED-32HDR,"2,499"
Orion,Orion 50-inch LED FHD TV (OLED-50FHDC),"5,999"
Hisense,Hisense 55-inch Smart ULED TV - 55U7H,"10,999"
Superior,Superior Hisense Universal TV Remote,249
Superior,Superior LG Universal TV Remote,249
Apple,Apple TV 4K 64GB MXH02SO/A,"4,249"
UltraLink,Ultra Link Smart TV Remote UL-AM-01,229
UltraLink,Ultralink 4K Smart TV Box,899
Samsung,Samsung 55-inch UHD Smart TV + Soundbar- 55CU7000,"10,999"
Sinotec,Sinotec 32-inch HD LED TV - STL32WG6A,"2,299"
Skyworth,Skyworth 86-inch Google UHD LED TV - 86SUE9550,"29,999"
Hisense,Hisense 65-inch Smart ULED TV - 65U7H,"14,999"
Skyworth,Skyworth 65-inch UHD Android TV (65SUC9300),"12,999"
Hisense,Hisense 58-inch Smart UHD TV 58A6H,"8,999"
Hisense,Hisense 50-inch Smart UHD LED TV 50A6H,"8,599"
Sinotec,Sinotec 55-inch Android UHD LED TV - STL55U20AT,"7,499"
UltraLink,Ultra Link 21-60-inch Tilting TV Bracket,249
Skyworth,Skyworth 50-inch Android UHD TV - 50SUD9300F,"7,699"
Hisense,Hisense 100-inch Laser TV 100L5F,"59,999"
Hisense,Hisense 85-inch Smart UHD LED TV - 85A7H,"22,999"
Toshiba,Toshiba 75-inch Smart UHD LED TV - 75C350LN,"12,499"
Toshiba,Toshiba 65-inch Smart UHD LED TV 65C350KN,"8,999"
Sinotec,Sinotec 43-inch FHD LED TV - STL43WG6D,"4,599"
Samsung,Samsung 32-inch 81cm HD LED TV 32N5003,"3,499"
One For All,One For All Smart Line Tilt and Turn 13-65 Inch TV Bracket WM2451,799
UltraLink,Ultralink Tv Bracket bundle 32-70 Tilt,449
One For All,One For All 32-90-inch TV Bracket WM2611,379
One For All,One For All 32-65-inch TV Bracket WM2411,329
Xiaomi,Xiaomi Mi TV Stick Media Player,949
Samsung,Samsung 55-inch QLED Smart TV+Soundbar 55Q60C+C400,"10,999"
Linx,Linx Onix TV Stand 1.6M Matt Black,"2,299"
Ematic,Ematic 4K (Ultra HD) Android TV Box,"1,199"
Furniture,Loft Living TV Unit,"3,499"
Jost,Jost TV Stand HW5006,"3,299"
Linx,Linx Onix TV Stand 1.6M Cinnamon and White,"2,299"
MediaBox,Mediabox Maverick 4K Andriod TV Box - Netflix Certified | Disney+ & more,"1,599"
Linx,Linx Tambora 1.2m TV Stand,"1,099"
Hisense,Hisense 65-inch Smart ULED TV 65U6K,"12,999"
Hisense,Hisense 55-inch Smart ULED TV 55U6K,"9,999"
Hisense,Hisense 58-inch Smart UHD TV 58A6K,"8,999"
Samsung,Samsung 40-inch Smart FHD TV 40N5300,"5,499"
Rochester,Kori TV Unit,"3,499"
Sinotec,Sinotec 40-inch FHD LED TV - STL-40WG6A,"3,099"
Furniture,Avian TV Stand,"3,595"
Hisense,Hisense 43-inch Smart UHD LED TV 43A6H,"5,999"
Hisense,Hisense 65-inch Smart UHD TV - 65A6H,"11,999"
Orion,Orion 50-inch UHD Smart LED TV - OTV-50UVS,"6,499"
Skyworth,Skyworth 75-inch Android UHD LED Smart TV - 75SUD9350F,"16,999"
Orion,Orion 43-inch UHD Smart LED TV - OTV-43UVS,"4,999"
Orion,Orion 32-inch Smart HD LED TV - OTV-32HDVS,"2,999"
Orion,Orion 55-inch UHD Smart LED TV - OTV-55UVS,"7,499"
Hisense,Hisense 75-inch Smart UHD LED TV - 75A6H,"17,999"
Orion,Orion 55-Inch UHD LED TV OLED55UHD,"6,499"
Orion,Orion 24-inch HD LED TV - OLED24HD,"1,999"
Samsung,Samsung 65-inch UHD Smart TV + Soundbar - 65CU7000,"13,999"
Orion,Orion 45-inch LED HDR TV (OLED-45FHDA),"4,999"
Hisense,Hisense 55-inch Smart UHD LED TV 55A6H,"8,499"
Orion,Orion 43-inch FHD LED TV - OLED43FHD,"4,299"
Orion,Orion 39-inch LED HDR TV OLED-39HDRA,"2,999"
Orion,Orion 50-inch UHD Smart LED TV - OLEDS50UHDB,"6,299"
Orion,Orion 32-inch LED HDR TV OLED-32HDR,"2,499"
Orion,Orion 50-inch LED FHD TV (OLED-50FHDC),"5,999"
Hisense,Hisense 55-inch Smart ULED TV - 55U7H,"10,999"
Superior,Superior Hisense Universal TV Remote,249
Superior,Superior LG Universal TV Remote,249
Apple,Apple TV 4K 64GB MXH02SO/A,"4,249"
UltraLink,Ultra Link Smart TV Remote UL-AM-01,229
UltraLink,Ultralink 4K Smart TV Box,899
Samsung,Samsung 55-inch UHD Smart TV + Soundbar- 55CU7000,"10,999"
Sinotec,Sinotec 32-inch HD LED TV - STL32WG6A,"2,299"
Skyworth,Skyworth 86-inch Google UHD LED TV - 86SUE9550,"29,999"
Hisense,Hisense 65-inch Smart ULED TV - 65U7H,"14,999"
Skyworth,Skyworth 65-inch UHD Android TV (65SUC9300),"12,999"
Hisense,Hisense 58-inch Smart UHD TV 58A6H,"8,999"
Hisense,Hisense 50-inch Smart UHD LED TV 50A6H,"8,599"
Sinotec,Sinotec 55-inch Android UHD LED TV - STL55U20AT,"7,499"
UltraLink,Ultra Link 21-60-inch Tilting TV Bracket,249
Skyworth,Skyworth 50-inch Android UHD TV - 50SUD9300F,"7,699"
Hisense,Hisense 100-inch Laser TV 100L5F,"59,999"
Hisense,Hisense 85-inch Smart UHD LED TV - 85A7H,"22,999"
Toshiba,Toshiba 75-inch Smart UHD LED TV - 75C350LN,"12,499"
Toshiba,Toshiba 65-inch Smart UHD LED TV 65C350KN,"8,999"
Sinotec,Sinotec 43-inch FHD LED TV - STL43WG6D,"4,599"
Samsung,Samsung 32-inch 81cm HD LED TV 32N5003,"3,499"
One For All,One For All Smart Line Tilt and Turn 13-65 Inch TV Bracket WM2451,799
UltraLink,Ultralink Tv Bracket bundle 32-70 Tilt,449
One For All,One For All 32-90-inch TV Bracket WM2611,379
One For All,One For All 32-65-inch TV Bracket WM2411,329
Xiaomi,Xiaomi Mi TV Stick Media Player,949
Samsung,Samsung 55-inch QLED Smart TV+Soundbar 55Q60C+C400,"10,999"
Linx,Linx Onix TV Stand 1.6M Matt Black,"2,299"
Ematic,Ematic 4K (Ultra HD) Android TV Box,"1,199"
Furniture,Loft Living TV Unit,"3,499"
Jost,Jost TV Stand HW5006,"3,299"
Linx,Linx Onix TV Stand 1.6M Cinnamon and White,"2,299"
MediaBox,Mediabox Maverick 4K Andriod TV Box - Netflix Certified | Disney+ & more,"1,599"
Linx,Linx Tambora 1.2m TV Stand,"1,099"
Hisense,Hisense 65-inch Smart ULED TV 65U6K,"12,999"
Hisense,Hisense 55-inch Smart ULED TV 55U6K,"9,999"
Hisense,Hisense 58-inch Smart UHD TV 58A6K,"8,999"
Samsung,Samsung 40-inch Smart FHD TV 40N5300,"5,499"
Rochester,Kori TV Unit,"3,499"
Sinotec,Sinotec 40-inch FHD LED TV - STL-40WG6A,"3,099"
Furniture,Avian TV Stand,"3,595"
Hisense,Hisense 43-inch Smart UHD LED TV 43A6H,"5,999"
Hisense,Hisense 65-inch Smart UHD TV - 65A6H,"11,999"
Orion,Orion 50-inch UHD Smart LED TV - OTV-50UVS,"6,499"
Skyworth,Skyworth 75-inch Android UHD LED Smart TV - 75SUD9350F,"16,999"
Orion,Orion 43-inch UHD Smart LED TV - OTV-43UVS,"4,999"
Orion,Orion 32-inch Smart HD LED TV - OTV-32HDVS,"2,999"
Orion,Orion 55-inch UHD Smart LED TV - OTV-55UVS,"7,499"
Hisense,Hisense 75-inch Smart UHD LED TV - 75A6H,"17,999"
Orion,Orion 55-Inch UHD LED TV OLED55UHD,"6,499"
Orion,Orion 24-inch HD LED TV - OLED24HD,"1,999"
Samsung,Samsung 65-inch UHD Smart TV + Soundbar - 65CU7000,"13,999"
Orion,Orion 45-inch LED HDR TV (OLED-45FHDA),"4,999"
Hisense,Hisense 55-inch Smart UHD LED TV 55A6H,"8,499"
Orion,Orion 43-inch FHD LED TV - OLED43FHD,"4,299"
Orion,Orion 39-inch LED HDR TV OLED-39HDRA,"2,999"
Orion,Orion 50-inch UHD Smart LED TV - OLEDS50UHDB,"6,299"
Orion,Orion 32-inch LED HDR TV OLED-32HDR,"2,499"
Orion,Orion 50-inch LED FHD TV (OLED-50FHDC),"5,999"
Hisense,Hisense 55-inch Smart ULED TV - 55U7H,"10,999"
Superior,Superior Hisense Universal TV Remote,249
Superior,Superior LG Universal TV Remote,249
Apple,Apple TV 4K 64GB MXH02SO/A,"4,249"
UltraLink,Ultra Link Smart TV Remote UL-AM-01,229
UltraLink,Ultralink 4K Smart TV Box,899
Samsung,Samsung 55-inch UHD Smart TV + Soundbar- 55CU7000,"10,999"
Sinotec,Sinotec 32-inch HD LED TV - STL32WG6A,"2,299"
Skyworth,Skyworth 86-inch Google UHD LED TV - 86SUE9550,"29,999"
Hisense,Hisense 65-inch Smart ULED TV - 65U7H,"14,999"
Skyworth,Skyworth 65-inch UHD Android TV (65SUC9300),"12,999"
Hisense,Hisense 58-inch Smart UHD TV 58A6H,"8,999"
Hisense,Hisense 50-inch Smart UHD LED TV 50A6H,"8,599"
Sinotec,Sinotec 55-inch Android UHD LED TV - STL55U20AT,"7,499"
UltraLink,Ultra Link 21-60-inch Tilting TV Bracket,249
Skyworth,Skyworth 50-inch Android UHD TV - 50SUD9300F,"7,699"
Hisense,Hisense 100-inch Laser TV 100L5F,"59,999"
Hisense,Hisense 85-inch Smart UHD LED TV - 85A7H,"22,999"
Toshiba,Toshiba 75-inch Smart UHD LED TV - 75C350LN,"12,499"
Toshiba,Toshiba 65-inch Smart UHD LED TV 65C350KN,"8,999"
Sinotec,Sinotec 43-inch FHD LED TV - STL43WG6D,"4,599"
Samsung,Samsung 32-inch 81cm HD LED TV 32N5003,"3,499"
One For All,One For All Smart Line Tilt and Turn 13-65 Inch TV Bracket WM2451,799
UltraLink,Ultralink Tv Bracket bundle 32-70 Tilt,449
One For All,One For All 32-90-inch TV Bracket WM2611,379
One For All,One For All 32-65-inch TV Bracket WM2411,329
Xiaomi,Xiaomi Mi TV Stick Media Player,949
Samsung,Samsung 55-inch QLED Smart TV+Soundbar 55Q60C+C400,"10,999"
Linx,Linx Onix TV Stand 1.6M Matt Black,"2,299"
Ematic,Ematic 4K (Ultra HD) Android TV Box,"1,199"
Furniture,Loft Living TV Unit,"3,499"
Jost,Jost TV Stand HW5006,"3,299"
Linx,Linx Onix TV Stand 1.6M Cinnamon and White,"2,299"
MediaBox,Mediabox Maverick 4K Andriod TV Box - Netflix Certified | Disney+ & more,"1,599"
Linx,Linx Tambora 1.2m TV Stand,"1,099"
Hisense,Hisense 65-inch Smart ULED TV 65U6K,"12,999"
Hisense,Hisense 55-inch Smart ULED TV 55U6K,"9,999"
Hisense,Hisense 58-inch Smart UHD TV 58A6K,"8,999"
Samsung,Samsung 40-inch Smart FHD TV 40N5300,"5,499"
Rochester,Kori TV Unit,"3,499"
Sinotec,Sinotec 40-inch FHD LED TV - STL-40WG6A,"3,099"
Furniture,Avian TV Stand,"3,595"
Hisense,Hisense 43-inch Smart UHD LED TV 43A6H,"5,999"
Hisense,Hisense 65-inch Smart UHD TV - 65A6H,"11,999"
Orion,Orion 50-inch UHD Smart LED TV - OTV-50UVS,"6,499"
Skyworth,Skyworth 75-inch Android UHD LED Smart TV - 75SUD9350F,"16,999"
Orion,Orion 43-inch UHD Smart LED TV - OTV-43UVS,"4,999"
Orion,Orion 32-inch Smart HD LED TV - OTV-32HDVS,"2,999"
Orion,Orion 55-inch UHD Smart LED TV - OTV-55UVS,"7,499"
Hisense,Hisense 75-inch Smart UHD LED TV - 75A6H,"17,999"
Orion,Orion 55-Inch UHD LED TV OLED55UHD,"6,499"
Orion,Orion 24-inch HD LED TV - OLED24HD,"1,999"
Samsung,Samsung 65-inch UHD Smart TV + Soundbar - 65CU7000,"13,999"
Orion,Orion 45-inch LED HDR TV (OLED-45FHDA),"4,999"
Hisense,Hisense 55-inch Smart UHD LED TV 55A6H,"8,499"
Orion,Orion 43-inch FHD LED TV - OLED43FHD,"4,299"
Orion,Orion 39-inch LED HDR TV OLED-39HDRA,"2,999"
Orion,Orion 50-inch UHD Smart LED TV - OLEDS50UHDB,"6,299"
Orion,Orion 32-inch LED HDR TV OLED-32HDR,"2,499"
Orion,Orion 50-inch LED FHD TV (OLED-50FHDC),"5,999"
Hisense,Hisense 55-inch Smart ULED TV - 55U7H,"10,999"
Superior,Superior Hisense Universal TV Remote,249
Superior,Superior LG Universal TV Remote,249
Apple,Apple TV 4K 64GB MXH02SO/A,"4,249"
UltraLink,Ultra Link Smart TV Remote UL-AM-01,229
UltraLink,Ultralink 4K Smart TV Box,899
Samsung,Samsung 55-inch UHD Smart TV + Soundbar- 55CU7000,"10,999"
Sinotec,Sinotec 32-inch HD LED TV - STL32WG6A,"2,299"
Skyworth,Skyworth 86-inch Google UHD LED TV - 86SUE9550,"29,999"
Hisense,Hisense 65-inch Smart ULED TV - 65U7H,"14,999"
Skyworth,Skyworth 65-inch UHD Android TV (65SUC9300),"12,999"
Hisense,Hisense 58-inch Smart UHD TV 58A6H,"8,999"
Hisense,Hisense 50-inch Smart UHD LED TV 50A6H,"8,599"
Sinotec,Sinotec 55-inch Android UHD LED TV - STL55U20AT,"7,499"
UltraLink,Ultra Link 21-60-inch Tilting TV Bracket,249
Skyworth,Skyworth 50-inch Android UHD TV - 50SUD9300F,"7,699"
Hisense,Hisense 100-inch Laser TV 100L5F,"59,999"
Hisense,Hisense 85-inch Smart UHD LED TV - 85A7H,"22,999"
Toshiba,Toshiba 75-inch Smart UHD LED TV - 75C350LN,"12,499"
Toshiba,Toshiba 65-inch Smart UHD LED TV 65C350KN,"8,999"
Sinotec,Sinotec 43-inch FHD LED TV - STL43WG6D,"4,599"
Samsung,Samsung 32-inch 81cm HD LED TV 32N5003,"3,499"
One For All,One For All Smart Line Tilt and Turn 13-65 Inch TV Bracket WM2451,799
UltraLink,Ultralink Tv Bracket bundle 32-70 Tilt,449
One For All,One For All 32-90-inch TV Bracket WM2611,379
One For All,One For All 32-65-inch TV Bracket WM2411,329
Xiaomi,Xiaomi Mi TV Stick Media Player,949
Samsung,Samsung 55-inch QLED Smart TV+Soundbar 55Q60C+C400,"10,999"
Linx,Linx Onix TV Stand 1.6M Matt Black,"2,299"
Ematic,Ematic 4K (Ultra HD) Android TV Box,"1,199"
Furniture,Loft Living TV Unit,"3,499"
Jost,Jost TV Stand HW5006,"3,299"
Linx,Linx Onix TV Stand 1.6M Cinnamon and White,"2,299"
MediaBox,Mediabox Maverick 4K Andriod TV Box - Netflix Certified | Disney+ & more,"1,599"
Linx,Linx Tambora 1.2m TV Stand,"1,099"
Hisense,Hisense 65-inch Smart ULED TV 65U6K,"12,999"
Hisense,Hisense 55-inch Smart ULED TV 55U6K,"9,999"
Hisense,Hisense 58-inch Smart UHD TV 58A6K,"8,999"
Samsung,Samsung 40-inch Smart FHD TV 40N5300,"5,499"
Rochester,Kori TV Unit,"3,499"
Sinotec,Sinotec 40-inch FHD LED TV - STL-40WG6A,"3,099"
Furniture,Avian TV Stand,"3,595"
Hisense,Hisense 43-inch Smart UHD LED TV 43A6H,"5,999"
Hisense,Hisense 65-inch Smart UHD TV - 65A6H,"11,999"
Orion,Orion 50-inch UHD Smart LED TV - OTV-50UVS,"6,499"
Skyworth,Skyworth 75-inch Android UHD LED Smart TV - 75SUD9350F,"16,999"
Orion,Orion 43-inch UHD Smart LED TV - OTV-43UVS,"4,999"
Orion,Orion 32-inch Smart HD LED TV - OTV-32HDVS,"2,999"
Orion,Orion 55-inch UHD Smart LED TV - OTV-55UVS,"7,499"
Hisense,Hisense 75-inch Smart UHD LED TV - 75A6H,"17,999"
Orion,Orion 55-Inch UHD LED TV OLED55UHD,"6,499"
Orion,Orion 24-inch HD LED TV - OLED24HD,"1,999"
Samsung,Samsung 65-inch UHD Smart TV + Soundbar - 65CU7000,"13,999"
Orion,Orion 45-inch LED HDR TV (OLED-45FHDA),"4,999"
Hisense,Hisense 55-inch Smart UHD LED TV 55A6H,"8,499"
Orion,Orion 43-inch FHD LED TV - OLED43FHD,"4,299"
Orion,Orion 39-inch LED HDR TV OLED-39HDRA,"2,999"
Orion,Orion 50-inch UHD Smart LED TV - OLEDS50UHDB,"6,299"
Orion,Orion 32-inch LED HDR TV OLED-32HDR,"2,499"
Orion,Orion 50-inch LED FHD TV (OLED-50FHDC),"5,999"
Hisense,Hisense 55-inch Smart ULED TV - 55U7H,"10,999"
Superior,Superior Hisense Universal TV Remote,249
Superior,Superior LG Universal TV Remote,249
Apple,Apple TV 4K 64GB MXH02SO/A,"4,249"
UltraLink,Ultra Link Smart TV Remote UL-AM-01,229
UltraLink,Ultralink 4K Smart TV Box,899
Samsung,Samsung 55-inch UHD Smart TV + Soundbar- 55CU7000,"10,999"
Sinotec,Sinotec 32-inch HD LED TV - STL32WG6A,"2,299"
Skyworth,Skyworth 86-inch Google UHD LED TV - 86SUE9550,"29,999"
Hisense,Hisense 65-inch Smart ULED TV - 65U7H,"14,999"
Skyworth,Skyworth 65-inch UHD Android TV (65SUC9300),"12,999"
Hisense,Hisense 58-inch Smart UHD TV 58A6H,"8,999"
Hisense,Hisense 50-inch Smart UHD LED TV 50A6H,"8,599"
Sinotec,Sinotec 55-inch Android UHD LED TV - STL55U20AT,"7,499"
UltraLink,Ultra Link 21-60-inch Tilting TV Bracket,249
Skyworth,Skyworth 50-inch Android UHD TV - 50SUD9300F,"7,699"
Hisense,Hisense 100-inch Laser TV 100L5F,"59,999"
Hisense,Hisense 85-inch Smart UHD LED TV - 85A7H,"22,999"
Toshiba,Toshiba 75-inch Smart UHD LED TV - 75C350LN,"12,499"
Toshiba,Toshiba 65-inch Smart UHD LED TV 65C350KN,"8,999"
Sinotec,Sinotec 43-inch FHD LED TV - STL43WG6D,"4,599"
Samsung,Samsung 32-inch 81cm HD LED TV 32N5003,"3,499"
One For All,One For All Smart Line Tilt and Turn 13-65 Inch TV Bracket WM2451,799
UltraLink,Ultralink Tv Bracket bundle 32-70 Tilt,449
One For All,One For All 32-90-inch TV Bracket WM2611,379
One For All,One For All 32-65-inch TV Bracket WM2411,329
Xiaomi,Xiaomi Mi TV Stick Media Player,949
Samsung,Samsung 55-inch QLED Smart TV+Soundbar 55Q60C+C400,"10,999"
Linx,Linx Onix TV Stand 1.6M Matt Black,"2,299"
Ematic,Ematic 4K (Ultra HD) Android TV Box,"1,199"
Furniture,Loft Living TV Unit,"3,499"
Jost,Jost TV Stand HW5006,"3,299"
Linx,Linx Onix TV Stand 1.6M Cinnamon and White,"2,299"
MediaBox,Mediabox Maverick 4K Andriod TV Box - Netflix Certified | Disney+ & more,"1,599"
Linx,Linx Tambora 1.2m TV Stand,"1,099"
Hisense,Hisense 65-inch Smart ULED TV 65U6K,"12,999"
Hisense,Hisense 55-inch Smart ULED TV 55U6K,"9,999"
Hisense,Hisense 58-inch Smart UHD TV 58A6K,"8,999"
Samsung,Samsung 40-inch Smart FHD TV 40N5300,"5,499"
Rochester,Kori TV Unit,"3,499"
Sinotec,Sinotec 40-inch FHD LED TV - STL-40WG6A,"3,099"
Furniture,Avian TV Stand,"3,595"
Hisense,Hisense 43-inch Smart UHD LED TV 43A6H,"5,999"
Hisense,Hisense 65-inch Smart UHD TV - 65A6H,"11,999"
Orion,Orion 50-inch UHD Smart LED TV - OTV-50UVS,"6,499"
Skyworth,Skyworth 75-inch Android UHD LED Smart TV - 75SUD9350F,"16,999"
Orion,Orion 43-inch UHD Smart LED TV - OTV-43UVS,"4,999"
Orion,Orion 32-inch Smart HD LED TV - OTV-32HDVS,"2,999"
Orion,Orion 55-inch UHD Smart LED TV - OTV-55UVS,"7,499"
Hisense,Hisense 75-inch Smart UHD LED TV - 75A6H,"17,999"
Orion,Orion 55-Inch UHD LED TV OLED55UHD,"6,499"
Orion,Orion 24-inch HD LED TV - OLED24HD,"1,999"
Samsung,Samsung 65-inch UHD Smart TV + Soundbar - 65CU7000,"13,999"
Orion,Orion 45-inch LED HDR TV (OLED-45FHDA),"4,999"
Hisense,Hisense 55-inch Smart UHD LED TV 55A6H,"8,499"
Orion,Orion 43-inch FHD LED TV - OLED43FHD,"4,299"
Orion,Orion 39-inch LED HDR TV OLED-39HDRA,"2,999"
Orion,Orion 50-inch UHD Smart LED TV - OLEDS50UHDB,"6,299"
Orion,Orion 32-inch LED HDR TV OLED-32HDR,"2,499"
Orion,Orion 50-inch LED FHD TV (OLED-50FHDC),"5,999"
Hisense,Hisense 55-inch Smart ULED TV - 55U7H,"10,999"
Superior,Superior Hisense Universal TV Remote,249
Superior,Superior LG Universal TV Remote,249
Apple,Apple TV 4K 64GB MXH02SO/A,"4,249"
UltraLink,Ultra Link Smart TV Remote UL-AM-01,229
UltraLink,Ultralink 4K Smart TV Box,899
Samsung,Samsung 55-inch UHD Smart TV + Soundbar- 55CU7000,"10,999"
Sinotec,Sinotec 32-inch HD LED TV - STL32WG6A,"2,299"
Skyworth,Skyworth 86-inch Google UHD LED TV - 86SUE9550,"29,999"
Hisense,Hisense 65-inch Smart ULED TV - 65U7H,"14,999"
Skyworth,Skyworth 65-inch UHD Android TV (65SUC9300),"12,999"
Hisense,Hisense 58-inch Smart UHD TV 58A6H,"8,999"
Hisense,Hisense 50-inch Smart UHD LED TV 50A6H,"8,599"
Sinotec,Sinotec 55-inch Android UHD LED TV - STL55U20AT,"7,499"
UltraLink,Ultra Link 21-60-inch Tilting TV Bracket,249
Skyworth,Skyworth 50-inch Android UHD TV - 50SUD9300F,"7,699"
Hisense,Hisense 100-inch Laser TV 100L5F,"59,999"
Hisense,Hisense 85-inch Smart UHD LED TV - 85A7H,"22,999"
Toshiba,Toshiba 75-inch Smart UHD LED TV - 75C350LN,"12,499"
Toshiba,Toshiba 65-inch Smart UHD LED TV 65C350KN,"8,999"
Sinotec,Sinotec 43-inch FHD LED TV - STL43WG6D,"4,599"
Samsung,Samsung 32-inch 81cm HD LED TV 32N5003,"3,499"
One For All,One For All Smart Line Tilt and Turn 13-65 Inch TV Bracket WM2451,799
UltraLink,Ultralink Tv Bracket bundle 32-70 Tilt,449
One For All,One For All 32-90-inch TV Bracket WM2611,379
One For All,One For All 32-65-inch TV Bracket WM2411,329
Xiaomi,Xiaomi Mi TV Stick Media Player,949
Samsung,Samsung 55-inch QLED Smart TV+Soundbar 55Q60C+C400,"10,999"
Linx,Linx Onix TV Stand 1.6M Matt Black,"2,299"
Ematic,Ematic 4K (Ultra HD) Android TV Box,"1,199"
Furniture,Loft Living TV Unit,"3,499"
Jost,Jost TV Stand HW5006,"3,299"
Linx,Linx Onix TV Stand 1.6M Cinnamon and White,"2,299"
MediaBox,Mediabox Maverick 4K Andriod TV Box - Netflix Certified | Disney+ & more,"1,599"
Linx,Linx Tambora 1.2m TV Stand,"1,099"
Hisense,Hisense 65-inch Smart ULED TV 65U6K,"12,999"
Hisense,Hisense 55-inch Smart ULED TV 55U6K,"9,999"
Hisense,Hisense 58-inch Smart UHD TV 58A6K,"8,999"
Samsung,Samsung 40-inch Smart FHD TV 40N5300,"5,499"
Rochester,Kori TV Unit,"3,499"
Sinotec,Sinotec 40-inch FHD LED TV - STL-40WG6A,"3,099"
Furniture,Avian TV Stand,"3,595"
